cookie,timestamp
xjbU799p7rjGkf9W,2020-11-12T19:58:52+0000
dKCvhXpqftgaKGf3,2020-06-25T12:13:07+0000
96HliMHWkN3pbv9Q,2013-06-14T01:44:21+0000
qoNsF0o33g9Awdqj,2010-12-04T04:08:50+0000
DIjWtWJ4kXxhn0i2,2012-09-06T08:01:48+0000
1X2JkeOeZaxo0JBB,2020-11-06T09:33:35+0000
OOIfZK9p4HOc9Ekv,2009-12-16T05:24:03+0000
LGGCGk6WRIm4AelC,2011-03-23T03:52:31+0000
8YBQgtxYfrtZ7siz,2002-03-28T20:38:19+0000
psktXRYiwIHw58s7,2001-04-16T01:38:55+0000
keVbq2CJ8h3m0pyf,2009-06-17T03:03:56+0000
XLUc6eumyrxpaRlJ,2001-04-18T18:10:43+0000
KsZZzdRLEKk0ojZL,2000-04-24T10:22:30+0000
PYxbkU6gWRDr4zSH,2021-06-03T15:45:07+0000
bkjkSy2sbrIwPBnU,2017-08-03T16:06:47+0000
qkise7mVKDB2urfG,2015-02-06T03:26:13+0000
